Id,File
6000,exec-3f4edc4a-2722-459d-aa78-5f72ca33c7c8.png
6001,exec-d39c2479-00b6-43a9-8230-47b001fd538e.png
6002,exec-d90bdcca-04ee-4878-83e6-1202d477c6f6.png
6003,exec-6ec6bedd-deb0-425f-b905-5d9af721dc71.png
6004,exec-dd47fac4-8d0b-4ac1-a7e6-ceed515d4174.png
6005,exec-1a080140-10d0-496d-a1f5-f230d0810e6c.png
6006,exec-57ce256f-34ba-4e49-8644-710f50eb2cc0.png
6007,exec-f52bc06a-5b9f-4eb2-b48b-48b4cf1feb71.png
6008,exec-881a5314-ec11-4c39-823e-598037f20709.png
6009,exec-00880666-03d7-4638-868b-1e245d2d67fb.png
